address,smallest_prime_factor,normalized_address_weight,phenotype_effect,resident_nonphenotype_effect,return_effect
9,3,0.020516984846312567,0.8568130062359565,0.0,0.14318699376404354
15,3,0.007774459363486777,0.8736322948349837,0.0,0.12636770516501628
21,3,0.004102726500295041,0.8836718815810284,0.0,0.11632811841897162
25,5,0.0029459600836703936,0.8805971988588227,0.0,0.1194028011411773
27,3,0.0025452600506199576,0.8826761409315191,0.0,0.11732385906848086
33,3,0.0017384973963879807,0.867000418565395,0.0,0.132999581434605
35,5,0.001554637813254354,0.867757367279959,0.0,0.132242632720041
49,7,0.0008204112281755868,0.8658191163182455,0.0,0.13418088368175451
77,7,0.00034764266739402525,0.8873378009942263,0.0,0.11266219900577368
91,7,0.00025311009327449893,0.8771159706950652,0.0,0.1228840293049348
119,7,0.00015204959507245268,0.8892820693055997,0.0,0.11071793069440028
121,11,0.0001473107876175567,0.8745523157676997,0.0,0.12544768423230035
133,7,0.00012308962894366283,0.8232256410539379,0.0,0.17677435894606208
143,11,0.00010725336873554463,0.8333410686452867,0.0,0.16665893135471332
161,7,8.562416102200154e-05,0.8721603421987355,0.0,0.1278396578012645
