time_tau,E_over_E0,PV_over_E0,w
5.000000000000000278e-02,9.962883117459236937e-01,2.493540766825473598e-01,2.502830493369657683e-01
1.000000000000000056e-01,9.925329221425184256e-01,2.521370121487950255e-01,2.540339030815448318e-01
1.499999999999999944e-01,9.887370833861625075e-01,2.547096851350540425e-01,2.576111379000177726e-01
2.000000000000000111e-01,9.849038834716914437e-01,2.570827220027879223e-01,2.610231580127352347e-01
2.500000000000000000e-01,9.810362542284836174e-01,2.592662290055578467e-01,2.642779284537782880e-01
2.999999999999999889e-01,9.771369789644812620e-01,2.612698176642322401e-01,2.673830008369065259e-01
3.500000000000000333e-01,9.732086997372725312e-01,2.631026289045856337e-01,2.703455373709799936e-01
4.000000000000000222e-01,9.692539242704171221e-01,2.647733560176473433e-01,2.731723332633904100e-01
4.500000000000000111e-01,9.652750325323251612e-01,2.662902665002150338e-01,2.758698376374896233e-01
5.000000000000000000e-01,9.612742829941418599e-01,2.676612228301488150e-01,2.784441730787257652e-01
5.500000000000000444e-01,9.572538185822982992e-01,2.688937022283963141e-01,2.809011539140479630e-01
5.999999999999999778e-01,9.532156723406141063e-01,2.699948154571680803e-01,2.832463033200008362e-01
6.500000000000000222e-01,9.491617728161262368e-01,2.709713247012703330e-01,2.854848693466751075e-01
7.000000000000000666e-01,9.450939491821103156e-01,2.718296605773095620e-01,2.876218399372384993e-01
7.500000000000000000e-01,9.410139361111198308e-01,2.725759383133056768e-01,2.896619570160313684e-01
8.000000000000000444e-01,9.369233784102294349e-01,2.732159731391697322e-01,2.916097297121161280e-01
8.499999999999999778e-01,9.328238354300840696e-01,2.737552949265378288e-01,2.934694467796497563e-01
9.000000000000000222e-01,9.287167852587858707e-01,2.741991621145663527e-01,2.952451882714288156e-01
9.500000000000000666e-01,9.246036287111113472e-01,2.745525749565155271e-01,2.969408365174158182e-01
1.000000000000000000e+00,9.204856931230441797e-01,2.748202881202460590e-01,2.985600864559119216e-01
1.050000000000000044e+00,9.163642359611152699e-01,2.750068226741396171e-01,3.001064553612818875e-01
1.100000000000000089e+00,9.122404482555861449e-01,2.751164774884157782e-01,3.015832920087043179e-01
1.150000000000000133e+00,9.081154578660665111e-01,2.751533400803579110e-01,3.029937853132976255e-01
1.199999999999999956e+00,9.039903325877385321e-01,2.751212969305688594e-01,3.043409724781171444e-01
1.250000000000000000e+00,8.998660831059608345e-01,2.750240432960546211e-01,3.056277466829139811e-01
1.300000000000000044e+00,8.957436658066518786e-01,2.748650925446758375e-01,3.068568643431591747e-01
1.350000000000000089e+00,8.916239854494807382e-01,2.746477850343123084e-01,3.080309519666615259e-01
1.400000000000000133e+00,8.875078977105634870e-01,2.743752965589427717e-01,3.091525126331020057e-01
1.449999999999999956e+00,8.833962116010241061e-01,2.740506463827636630e-01,3.102239321199801170e-01
1.500000000000000000e+00,8.792896917674792867e-01,2.736767048824377824e-01,3.112474846967832609e-01
1.550000000000000044e+00,8.751890606802039674e-01,2.732562008165863032e-01,3.122253386076482840e-01
1.600000000000000089e+00,8.710950007144560026e-01,2.727917282407013033e-01,3.131595612613579105e-01
1.650000000000000133e+00,8.670081561301735684e-01,2.722857530847745955e-01,3.140521241462154167e-01
1.699999999999999956e+00,8.629291349549995660e-01,2.717406194100908112e-01,3.149049074861305364e-01
1.750000000000000000e+00,8.588585107753484715e-01,2.711585553608339416e-01,3.157197046531460827e-01
1.800000000000000044e+00,8.547968244400045990e-01,2.705416788253892646e-01,3.164982263506029847e-01
1.850000000000000089e+00,8.507445856805143647e-01,2.698920028215021083e-01,3.172421045802064632e-01
1.900000000000000133e+00,8.467022746524323074e-01,2.692114406187590125e-01,3.179528964053736084e-01
1.949999999999999956e+00,8.426703434012836613e-01,2.685018106112030956e-01,3.186320875224408211e-01
2.000000000000000000e+00,8.386492172569102177e-01,2.677648409522704886e-01,3.192810956505595654e-01
2.049999999999999822e+00,8.346392961597002280e-01,2.670021739636393998e-01,3.199012737504167148e-01
2.100000000000000089e+00,8.306409559220185868e-01,2.662153703290179863e-01,3.204939130812742842e-01
2.149999999999999911e+00,8.266545494280028716e-01,2.654059130833602564e-01,3.210602461052270984e-01
2.200000000000000178e+00,8.226804077747263966e-01,2.645752114074876871e-01,3.216014492470276598e-01
2.250000000000000000e+00,8.187188413575956503e-01,2.637246042376066857e-01,3.221186455173058460e-01
2.300000000000000266e+00,8.147701409026960606e-01,2.628553636987491782e-01,3.226129070065426596e-01
2.350000000000000089e+00,8.108345784486761243e-01,2.619686983707257277e-01,3.230852572567090020e-01
2.399999999999999911e+00,8.069124082806333753e-01,2.610657563947577087e-01,3.235366735170622787e-01
2.450000000000000178e+00,8.030038678183401002e-01,2.601476284285606511e-01,3.239680888902177203e-01
2.500000000000000000e+00,7.991091784610401261e-01,2.592153504572680678e-01,3.243803943742412099e-01
2.550000000000000266e+00,7.952285463909318786e-01,2.582699064672294154e-01,3.247744408061838950e-01
2.600000000000000089e+00,7.913621633373565389e-01,2.573122309893673965e-01,3.251510407121594448e-01
2.649999999999999911e+00,7.875102073036021055e-01,2.563432115184583471e-01,3.255109700687758845e-01
2.700000000000000178e+00,7.836728432581581139e-01,2.553636908143856465e-01,3.258549699804559330e-01
2.750000000000000000e+00,7.798502237921413061e-01,2.543744690911243223e-01,3.261837482769312513e-01
2.800000000000000266e+00,7.760424897445561410e-01,2.533763060989308036e-01,3.264979810349465383e-01
2.850000000000000089e+00,7.722497707969492309e-01,2.523699231049478242e-01,3.267983140279940302e-01
2.899999999999999911e+00,7.684721860389569503e-01,2.513560047771773998e-01,3.270853641076805207e-01
2.950000000000000178e+00,7.647098445061628613e-01,2.503352009765368869e-01,3.273597205201396187e-01
3.000000000000000000e+00,7.609628456916190942e-01,2.493081284614790671e-01,3.276219461607083883e-01
3.050000000000000266e+00,7.572312800323137694e-01,2.482753725094426489e-01,3.278725787699206529e-01
3.100000000000000089e+00,7.535152293718077043e-01,2.472374884591875821e-01,3.281121320737008795e-01
3.149999999999999911e+00,7.498147674002042518e-01,2.461950031778762926e-01,3.283410968704925104e-01
3.200000000000000178e+00,7.461299600725580516e-01,2.451484164565682911e-01,3.285599420679055083e-01
3.250000000000000000e+00,7.424608660067718580e-01,2.440982023376225829e-01,3.287691156713385965e-01
3.300000000000000266e+00,7.388075368619879679e-01,2.430448103773265589e-01,3.289690457268957813e-01
3.350000000000000089e+00,7.351700176984199420e-01,2.419886668469121704e-01,3.291601412208030597e-01
3.399999999999999911e+00,7.315483473195345532e-01,2.409301758749637090e-01,3.293427929374123653e-01
3.450000000000000178e+00,7.279425585974445001e-01,2.398697205340756256e-01,3.295173742777754433e-01
3.500000000000000000e+00,7.243526787823280078e-01,2.388076638744802693e-01,3.296842420406693730e-01
3.550000000000000266e+00,7.207787297966603557e-01,2.377443499072307842e-01,3.298437371678560881e-01
3.600000000000000089e+00,7.172207285149937439e-01,2.366801045394010816e-01,3.299961854552747043e-01
3.649999999999999911e+00,7.136786870299934860e-01,2.356152364636418250e-01,3.301418982317735340e-01
3.700000000000000178e+00,7.101526129053993275e-01,2.345500380043198108e-01,3.302811730069133977e-01
3.750000000000000000e+00,7.066425094165537102e-01,2.334847859223567468e-01,3.304142940892924041e-01
3.800000000000000266e+00,7.031483757790975009e-01,2.324197421807845387e-01,3.305415331767785903e-01
3.850000000000000089e+00,6.996702073664192723e-01,2.313551546729300523e-01,3.306631499199574886e-01
3.899999999999999911e+00,6.962079959163981480e-01,2.302912579150543093e-01,3.307793924600487823e-01
3.950000000000000178e+00,6.927617297279694553e-01,2.292282737051787589e-01,3.308904979424759363e-01
4.000000000000000000e+00,6.893313938480079006e-01,2.281664117497485267e-01,3.309966930072205660e-01
4.049999999999999822e+00,6.859169702489993359e-01,2.271058702597006929e-01,3.310981942570359049e-01
4.099999999999999645e+00,6.825184379979534199e-01,2.260468365174305161e-01,3.311952087045424986e-01
4.150000000000000355e+00,6.791357734169828353e-01,2.249894874160748848e-01,3.312879341991803450e-01
4.200000000000000178e+00,6.757689502359589540e-01,2.239339899724628880e-01,3.313765598349430186e-01
4.250000000000000000e+00,6.724179397376244260e-01,2.228805018150188944e-01,3.314612663397800696e-01
4.299999999999999822e+00,6.690827108955405000e-01,2.218291716478384690e-01,3.315422264475029746e-01
4.350000000000000533e+00,6.657632305052101351e-01,2.207801396921006687e-01,3.316196052530012706e-01
4.400000000000000355e+00,6.624594633087146356e-01,2.197335381059215553e-01,3.316935605515274887e-01
4.450000000000000178e+00,6.591713721131817749e-01,2.186894913837001964e-01,3.317642431627788047e-01
4.500000000000000000e+00,6.558989179033819505e-01,2.176481167359589353e-01,3.318317972404703498e-01
4.549999999999999822e+00,6.526420599487440244e-01,2.166095244506264783e-01,3.318963605680549378e-01
4.600000000000000533e+00,6.494007559050607448e-01,2.155738182366732092e-01,3.319580648412258084e-01
4.650000000000000355e+00,6.461749619111445408e-01,2.145410955509549078e-01,3.320170359377936364e-01
4.700000000000000178e+00,6.429646326806786050e-01,2.135114479090880202e-01,3.320733941755178442e-01
4.750000000000000000e+00,6.397697215895000733e-01,2.124849611811325811e-01,3.321272545584312286e-01
4.799999999999999822e+00,6.365901807585385708e-01,2.114617158728255286e-01,3.321787270121809854e-01
4.850000000000000533e+00,6.334259611326190642e-01,2.104417873930681526e-01,3.322279166088811242e-01
4.900000000000000355e+00,6.302770125553368574e-01,2.094252463083395854e-01,3.322749237819498380e-01
4.950000000000000178e+00,6.271432838401902465e-01,2.084121585846724634e-01,3.323198445313821359e-01
5.000000000000000000e+00,6.240247228381602396e-01,2.074025858177988013e-01,3.323627706198882814e-01
