changed_input,multiplier,ucrit_J_m3,q0,aT_m_s2,mu_eV,v_km_s,scope
G_SI,0.99,7.746411886688796e-10,-0.5285500000000001,1.1918126691055912e-10,22217.345682173913,206.7858644646645,input response probe; not an observational confidence interval
G_SI,1.01,7.593017591902878e-10,-0.5285500000000001,1.1918126691055912e-10,22217.345682173913,208.23207695501944,input response probe; not an observational confidence interval
H0_km_s_Mpc,0.99,7.516335707242252e-10,-0.5285500000000001,1.179894542414535e-10,22217.345682173913,207.19552920011722,input response probe; not an observational confidence interval
H0_km_s_Mpc,1.01,7.823093617955131e-10,-0.5285500000000001,1.2037307957966475e-10,22217.345682173913,207.8244554994103,input response probe; not an observational confidence interval
f_phi,0.99,7.668947767821907e-10,-0.5292895,1.1918126691055912e-10,22217.345682173913,207.51090512661662,input response probe; not an observational confidence interval
f_phi,1.01,7.668947767821907e-10,-0.5278105,1.1918126691055912e-10,22217.345682173913,207.51090512661662,input response probe; not an observational confidence interval
f_c,0.99,7.668947767821907e-10,-0.5325250000000001,1.1858386331445724e-10,22217.345682173913,207.35305074432708,input response probe; not an observational confidence interval
f_c,1.01,7.668947767821907e-10,-0.524575,1.19775690881873e-10,22217.345682173913,207.6675169350805,input response probe; not an observational confidence interval
electron_energy_eV,0.99,7.668947767821907e-10,-0.5285500000000001,1.1918126691055912e-10,21995.172225352173,207.51090512661662,input response probe; not an observational confidence interval
electron_energy_eV,1.01,7.668947767821907e-10,-0.5285500000000001,1.1918126691055912e-10,22439.519138995653,207.51090512661662,input response probe; not an observational confidence interval
