case,u_J_m3,P_Pa,q,H_s_minus1,v_km_s
uniform_a0.5,2.454139975180689e-09,-5.258597484395482e-10,0.17858816911971506,3.90742927720491e-18,247.7491985746642
uniform_a1.0,7.668947767821907e-10,-5.258597484395482e-10,-0.52855,2.1842852410855023e-18,207.51090512661662
uniform_a2.0,5.559891269823785e-10,-5.258597484395482e-10,-0.9187141157606166,1.859835831916942e-18,181.57488201649517
low_mode_a1.0,9.330634544475544e-11,-4.002868988471555e-11,-0.14350430338763445,7.618983818447974e-19,177.25017650459
high_mode_a1.0,1.4959816410690196e-09,-1.0517194968790964e-09,-0.55454452247911,3.050735763637487e-18,219.2159779470782
zero_mode_a1.0,3.7807912495362e-11,0.0,0.5,4.849900301151569e-19,161.45051053125528
coherent_packet_a1.0,2.775147231601002e-10,-1.7289045973788892e-10,-0.43449344472156454,1.3139670536065537e-18,192.00391282209793
uniform_noncommuting_a1.0,7.668947767821905e-10,-5.25859748439548e-10,-0.5285499999999999,2.184285241085502e-18,207.51090512661662
coherent_packet_noncommuting_a1.0,3.2008104999588076e-10,-2.1545678657366947e-10,-0.5096979495182966,1.4111443553548155e-18,192.00391282209793
