frame,new_phenotype,phenotype,resident_nonphenotype,source_pending,return,ledger_sum,phase
-1,0.0,0.0,0.2679999999999976,0.732000000000002,0.0,0.9999999999999996,before_admission
0,0.015017943212746283,0.015017943212746283,0.2679999999999976,0.7169820567872557,0.0,0.9999999999999996,admission
1,0.01012104541450697,0.025138988627253254,0.2679999999999976,0.7068610113727487,0.0,0.9999999999999996,admission
2,0.005308963818713694,0.030447952445966948,0.2679999999999976,0.7015520475540351,0.0,0.9999999999999996,admission
3,0.00659999374605498,0.037047946192021924,0.2679999999999976,0.6949520538079801,0.0,0.9999999999999996,admission
4,0.003452308306223446,0.04050025449824537,0.2679999999999976,0.6914997455017566,0.0,0.9999999999999996,admission
5,0.005806227542351354,0.04630648204059672,0.2679999999999976,0.6856935179594053,0.0,0.9999999999999996,admission
6,0.002228545570841341,0.04853502761143806,0.2679999999999976,0.683464972388564,0.0,0.9999999999999996,admission
7,0.0014649723885628134,0.05000000000000088,0.2679999999999976,0.6820000000000012,0.0,0.9999999999999996,admission
8,0.0,0.05000000000000088,0.2679999999999976,0.0,0.6820000000000012,0.9999999999999996,recovery_boundary
9,0.0,0.05000000000000088,0.2679999999999976,0.0,0.6820000000000012,0.9999999999999996,resident_identity_update
10,0.0,0.05000000000000088,0.2679999999999976,0.0,0.6820000000000012,0.9999999999999996,resident_identity_update
