prime_label,small_first_number_percent,small_first_address_value_percent,large_first_number_percent,large_first_address_value_percent,small_repeat_avoid1_number_percent,small_repeat_avoid1_address_value_percent
2,20.615063736708812,2.7716051269051762,11.619997323795287,1.1178565895256272,99.15516119941555,98.73807242601347
3,13.654622493230518,2.753706381280955,6.632792965928748,0.9571230247281557,0.8448388005844526,1.2619275739865228
5,9.200075850626789,3.092274867686707,5.402729951260783,1.2993714863162598,0.0,0.0
7,7.36639289333318,3.466327535898692,8.725859803986449,2.938030761346166,0.0,0.0
11,5.966455338056122,4.411900990744133,5.3038959990984,2.806323624821487,0.0,0.0
13,5.356632729706763,4.681142926377787,6.683323052659953,4.179129933515164,0.0,0.0
17,4.904635850615032,5.604958071615021,5.438950670700815,4.4474810761467785,0.0,0.0
19,4.69031570016601,5.990628041243391,6.15457238746148,5.62472834714021,0.0,0.0
23,4.427467732855896,6.845417160947467,6.431935591598421,7.115732122598279,0.0,0.0
29,4.263264104149371,8.311069497052921,5.572230454486396,7.772793589860613,0.0,0.0
31,4.117463795871236,8.580412393560168,6.249055864707504,9.318074287914682,0.0,0.0
37,4.001211301996215,9.951989047983476,6.034557034485372,10.739824581800486,0.0,0.0
41,3.8912145957642292,10.724713949742998,5.945396016404452,11.725050234192416,0.0,0.0
43,3.8117439174410817,11.018154300060061,6.4976910943954165,13.43932894214211,0.0,0.0
47,3.7334399594787397,11.795699708901031,7.307011789030525,16.519151397951582,0.0,0.0
