view,prime_label,conditional_number_share,information_load_mu,phenotype_energy_J,ledger_scope
small_first,2,0.20599177852140818,0.010299588926070425,7.788119137101263e-12,nonadditive_alternative_view_inside_phenotype
small_first,3,0.1365912266021427,0.006829561330107146,5.164229143007889e-12,nonadditive_alternative_view_inside_phenotype
small_first,5,0.09214186667801742,0.004607093333900879,3.483691632521738e-12,nonadditive_alternative_view_inside_phenotype
small_first,7,0.07378438553434179,0.003689219276717095,2.7896335918064026e-12,nonadditive_alternative_view_inside_phenotype
small_first,11,0.059586673231229695,0.0029793336615614894,2.252847727416025e-12,nonadditive_alternative_view_inside_phenotype
small_first,13,0.053602398571352905,0.0026801199285676493,2.0265947947271946e-12,nonadditive_alternative_view_inside_phenotype
small_first,17,0.049057788655617746,0.002452889432780891,1.854772580707528e-12,nonadditive_alternative_view_inside_phenotype
small_first,19,0.04688956169912467,0.0023444780849562375,1.7727964456663544e-12,nonadditive_alternative_view_inside_phenotype
small_first,23,0.04423672354206593,0.0022118361771033,1.6724981727599215e-12,nonadditive_alternative_view_inside_phenotype
small_first,29,0.0425832777978064,0.002129163889890323,1.6099848407451294e-12,nonadditive_alternative_view_inside_phenotype
small_first,31,0.041164382235111444,0.0020582191117555753,1.556339361470702e-12,nonadditive_alternative_view_inside_phenotype
small_first,37,0.04000867881855726,0.0020004339409278662,1.5126446278270315e-12,nonadditive_alternative_view_inside_phenotype
small_first,41,0.03891450788530025,0.0019457253942650155,1.4712763089274823e-12,nonadditive_alternative_view_inside_phenotype
small_first,43,0.03811662996888132,0.0019058314984440692,1.4411102104815343e-12,nonadditive_alternative_view_inside_phenotype
small_first,47,0.037330120259042227,0.0018665060129521142,1.4113739201951856e-12,nonadditive_alternative_view_inside_phenotype
large_first,2,0.11604897581332732,0.005802448790666375,4.387569522726589e-12,nonadditive_alternative_view_inside_phenotype
large_first,3,0.06645309877815571,0.003322654938907791,2.5124529436501177e-12,nonadditive_alternative_view_inside_phenotype
large_first,5,0.05405007757260536,0.0027025038786302725,2.0435206032325585e-12,nonadditive_alternative_view_inside_phenotype
large_first,7,0.08692256526516896,0.004346128263258455,3.2863607414178474e-12,nonadditive_alternative_view_inside_phenotype
large_first,11,0.05303839170501633,0.0026519195852508204,2.0052708724779583e-12,nonadditive_alternative_view_inside_phenotype
large_first,13,0.066952653152669,0.0033476326576334556,2.5313400517283915e-12,nonadditive_alternative_view_inside_phenotype
large_first,17,0.054398659775979,0.002719932988798954,2.056699768675149e-12,nonadditive_alternative_view_inside_phenotype
large_first,19,0.061690353770681,0.003084517688534055,2.3323834971697945e-12,nonadditive_alternative_view_inside_phenotype
large_first,23,0.064518510906176,0.0032259255453088048,2.4393102146717213e-12,nonadditive_alternative_view_inside_phenotype
large_first,29,0.055747979537607,0.0027873989768803543,2.1077147321510422e-12,nonadditive_alternative_view_inside_phenotype
large_first,31,0.062511050860045,0.0031255525430022553,2.363412340909667e-12,nonadditive_alternative_view_inside_phenotype
large_first,37,0.060192648177317,0.0030096324088658547,2.275758375152075e-12,nonadditive_alternative_view_inside_phenotype
large_first,41,0.059406059891237,0.0029703029945618545,2.246019114062086e-12,nonadditive_alternative_view_inside_phenotype
large_first,43,0.064959640669531,0.0032479820334765552,2.455988410163747e-12,nonadditive_alternative_view_inside_phenotype
large_first,47,0.073109334124483,0.003655466706224156,2.7641113071725913e-12,nonadditive_alternative_view_inside_phenotype
