generation,particle_label,information_load_mu,phenotype_energy_J,ledger_scope
1,u_L_r,0.0010416666666666684,7.876648436533622e-13,nonadditive_field_channel_view_inside_phenotype
1,u_L_g,0.0010416666666666684,7.876648436533622e-13,nonadditive_field_channel_view_inside_phenotype
1,u_L_b,0.0010416666666666684,7.876648436533622e-13,nonadditive_field_channel_view_inside_phenotype
1,d_L_r,0.0010416666666666684,7.876648436533622e-13,nonadditive_field_channel_view_inside_phenotype
1,d_L_g,0.0010416666666666684,7.876648436533622e-13,nonadditive_field_channel_view_inside_phenotype
1,d_L_b,0.0010416666666666684,7.876648436533622e-13,nonadditive_field_channel_view_inside_phenotype
1,nu_e_L,0.0010416666666666684,7.876648436533622e-13,nonadditive_field_channel_view_inside_phenotype
1,e_L,0.0010416666666666684,7.876648436533622e-13,nonadditive_field_channel_view_inside_phenotype
1,u_c_r,0.0010416666666666684,7.876648436533622e-13,nonadditive_field_channel_view_inside_phenotype
1,u_c_g,0.0010416666666666684,7.876648436533622e-13,nonadditive_field_channel_view_inside_phenotype
1,u_c_b,0.0010416666666666684,7.876648436533622e-13,nonadditive_field_channel_view_inside_phenotype
1,d_c_r,0.0010416666666666684,7.876648436533622e-13,nonadditive_field_channel_view_inside_phenotype
1,d_c_g,0.0010416666666666684,7.876648436533622e-13,nonadditive_field_channel_view_inside_phenotype
1,d_c_b,0.0010416666666666684,7.876648436533622e-13,nonadditive_field_channel_view_inside_phenotype
1,N1_c,0.0010416666666666684,7.876648436533622e-13,nonadditive_field_channel_view_inside_phenotype
1,e_c,0.0010416666666666684,7.876648436533622e-13,nonadditive_field_channel_view_inside_phenotype
2,c_L_r,0.0010416666666666684,7.876648436533622e-13,nonadditive_field_channel_view_inside_phenotype
2,c_L_g,0.0010416666666666684,7.876648436533622e-13,nonadditive_field_channel_view_inside_phenotype
2,c_L_b,0.0010416666666666684,7.876648436533622e-13,nonadditive_field_channel_view_inside_phenotype
2,s_L_r,0.0010416666666666684,7.876648436533622e-13,nonadditive_field_channel_view_inside_phenotype
2,s_L_g,0.0010416666666666684,7.876648436533622e-13,nonadditive_field_channel_view_inside_phenotype
2,s_L_b,0.0010416666666666684,7.876648436533622e-13,nonadditive_field_channel_view_inside_phenotype
2,nu_mu_L,0.0010416666666666684,7.876648436533622e-13,nonadditive_field_channel_view_inside_phenotype
2,mu_L,0.0010416666666666684,7.876648436533622e-13,nonadditive_field_channel_view_inside_phenotype
2,c_c_r,0.0010416666666666684,7.876648436533622e-13,nonadditive_field_channel_view_inside_phenotype
2,c_c_g,0.0010416666666666684,7.876648436533622e-13,nonadditive_field_channel_view_inside_phenotype
2,c_c_b,0.0010416666666666684,7.876648436533622e-13,nonadditive_field_channel_view_inside_phenotype
2,s_c_r,0.0010416666666666684,7.876648436533622e-13,nonadditive_field_channel_view_inside_phenotype
2,s_c_g,0.0010416666666666684,7.876648436533622e-13,nonadditive_field_channel_view_inside_phenotype
2,s_c_b,0.0010416666666666684,7.876648436533622e-13,nonadditive_field_channel_view_inside_phenotype
2,N2_c,0.0010416666666666684,7.876648436533622e-13,nonadditive_field_channel_view_inside_phenotype
2,mu_c,0.0010416666666666684,7.876648436533622e-13,nonadditive_field_channel_view_inside_phenotype
3,t_L_r,0.0010416666666666684,7.876648436533622e-13,nonadditive_field_channel_view_inside_phenotype
3,t_L_g,0.0010416666666666684,7.876648436533622e-13,nonadditive_field_channel_view_inside_phenotype
3,t_L_b,0.0010416666666666684,7.876648436533622e-13,nonadditive_field_channel_view_inside_phenotype
3,b_L_r,0.0010416666666666684,7.876648436533622e-13,nonadditive_field_channel_view_inside_phenotype
3,b_L_g,0.0010416666666666684,7.876648436533622e-13,nonadditive_field_channel_view_inside_phenotype
3,b_L_b,0.0010416666666666684,7.876648436533622e-13,nonadditive_field_channel_view_inside_phenotype
3,nu_tau_L,0.0010416666666666684,7.876648436533622e-13,nonadditive_field_channel_view_inside_phenotype
3,tau_L,0.0010416666666666684,7.876648436533622e-13,nonadditive_field_channel_view_inside_phenotype
3,t_c_r,0.0010416666666666684,7.876648436533622e-13,nonadditive_field_channel_view_inside_phenotype
3,t_c_g,0.0010416666666666684,7.876648436533622e-13,nonadditive_field_channel_view_inside_phenotype
3,t_c_b,0.0010416666666666684,7.876648436533622e-13,nonadditive_field_channel_view_inside_phenotype
3,b_c_r,0.0010416666666666684,7.876648436533622e-13,nonadditive_field_channel_view_inside_phenotype
3,b_c_g,0.0010416666666666684,7.876648436533622e-13,nonadditive_field_channel_view_inside_phenotype
3,b_c_b,0.0010416666666666684,7.876648436533622e-13,nonadditive_field_channel_view_inside_phenotype
3,N3_c,0.0010416666666666684,7.876648436533622e-13,nonadditive_field_channel_view_inside_phenotype
3,tau_c,0.0010416666666666684,7.876648436533622e-13,nonadditive_field_channel_view_inside_phenotype
