address,normalized_address_weight,phenotype_effect,resident_nonphenotype_effect,return_effect,phenotype_epsilon_reference_J,resident_nonphenotype_epsilon_reference_J,return_epsilon_reference_J
9,0.020516984846312567,0.8568130062359565,0.0,0.14318699376404354,7.561582499072265e-10,7.575443961027897e-10,7.767706757832218e-10
15,0.007774459363486777,0.8736322948349837,0.0,0.12636770516501628,7.561582499072265e-10,7.642791337727757e-10,7.795978063662072e-10
21,0.004102726500295041,0.8836718815810284,0.0,0.11632811841897162,7.561582499072265e-10,7.687151920702649e-10,7.814599896753852e-10
25,0.0029459600836703936,0.8805971988588227,0.0,0.1194028011411773,7.561582499072265e-10,7.710138714427615e-10,7.824249369491929e-10
27,0.0025452600506199576,0.8826761409315191,0.0,0.11732385906848086,7.561582499072265e-10,7.720285277143862e-10,7.828508727342664e-10
33,0.0017384973963879807,0.867000418565395,0.0,0.132999581434605,7.561582499072265e-10,7.746741751312634e-10,7.839614714079733e-10
35,0.001554637813254354,0.867757367279959,0.0,0.132242632720041,7.561582499072265e-10,7.754499297402508e-10,7.842871202583709e-10
49,0.0008204112281755868,0.8658191163182455,0.0,0.13418088368175451,7.561582499072265e-10,7.7988598803774e-10,7.861493035675486e-10
77,0.00034764266739402525,0.8873378009942263,0.0,0.11266219900577368,7.561582499072265e-10,7.858449710987386e-10,7.886507853001367e-10
91,0.00025311009327449893,0.8771159706950652,0.0,0.1228840293049348,7.561582499072265e-10,7.880474162866122e-10,7.895753350677896e-10
119,0.00015204959507245268,0.8892820693055997,0.0,0.11071793069440028,7.561582499072265e-10,7.915842153271541e-10,7.910600243345967e-10
121,0.0001473107876175567,0.8745523157676997,0.0,0.12544768423230035,7.561582499072265e-10,7.918039541597371e-10,7.911522670327249e-10
133,0.00012308962894366283,0.8232256410539379,0.0,0.17677435894606208,7.561582499072265e-10,7.930506168540048e-10,7.916755952456914e-10
143,0.00010725336873554463,0.8333410686452867,0.0,0.16665893135471332,7.561582499072265e-10,7.940063993476107e-10,7.920768168003777e-10
161,8.562416102200154e-05,0.8721603421987355,0.0,0.1278396578012645,7.561582499072265e-10,7.955694938253436e-10,7.927329778000539e-10
