frame,phase,phenotype_weight,D_weight,S_pending_weight,R_weight,phenotype_energy_J,D_energy_J,S_pending_energy_J,R_energy_J,current_energy_J,conversion_work_account_J,edge_energy_change_J,edge_conversion_work_J,accounted_energy_J
-1,before_admission,0.0,0.26799999999999763,0.7320000000000021,0.0,0.0,2.0322711584728035e-10,5.649955913950453e-10,0.0,7.682227072423257e-10,0.0,0.0,0.0,7.682227072423257e-10
0,admission,0.015017943212746288,0.26799999999999763,0.7169820567872557,0.0,1.1355941656956406e-11,2.0322711584728035e-10,5.532398443671546e-10,0.0,7.678229018713913e-10,3.9980537093550856e-13,-3.9980537093550856e-13,3.9980537093550856e-13,7.682227072423268e-10
1,admission,0.02513898862725325,0.26799999999999763,0.7068610113727487,0.0,1.900905364482149e-11,2.0322711584728035e-10,5.453278789447874e-10,0.0,7.675640484368892e-10,6.586588054362977e-13,-2.588534345007892e-13,2.588534345007892e-13,7.682227072423256e-10
2,admission,0.03044795244596695,0.26799999999999763,0.7015520475540352,0.0,2.3023470434800876e-11,2.0322711584728035e-10,5.411613918303957e-10,0.0,7.674119781124769e-10,8.107291298494115e-13,-1.520703244131138e-13,1.520703244131138e-13,7.682227072423263e-10
3,admission,0.037047946192021924,0.26799999999999763,0.6949520538079801,0.0,2.801411015521652e-11,2.0322711584728035e-10,5.359969449144607e-10,0.0,7.672381709169576e-10,9.845363253686641e-13,-1.7380719551925268e-13,1.7380719551925268e-13,7.682227072423262e-10
4,admission,0.04050025449824536,0.26799999999999763,0.6914997455017567,0.0,3.06246015621904e-11,2.0322711584728035e-10,5.33289648982514e-10,0.0,7.671413663919848e-10,1.0813408503418037e-12,-9.68045249731395e-14,9.68045249731395e-14,7.682227072423266e-10
5,admission,0.046306482040596716,0.26799999999999763,0.6856935179594053,0.0,3.501502841917803e-11,2.0322711584728035e-10,5.287574740827321e-10,0.0,7.669996183491906e-10,1.2230888931345879e-12,-1.417480427927841e-13,1.417480427927841e-13,7.682227072423251e-10
6,admission,0.04853502761143806,0.26799999999999763,0.6834649723885637,0.0,3.670016153786393e-11,2.0322711584728035e-10,5.270096764401237e-10,0.0,7.66936953825268e-10,1.2857534170572534e-12,-6.266452392266557e-14,6.266452392266557e-14,7.682227072423253e-10
7,admission,0.0500000000000009,0.26799999999999763,0.6820000000000012,0.0,3.780791249536196e-11,2.0322711584728035e-10,5.258597484395469e-10,0.0,7.668947767821893e-10,1.3279304601367386e-12,-4.217704307948519e-14,4.217704307948519e-14,7.68222707242326e-10
8,recovery_same_energy_relabel,0.0500000000000009,0.26799999999999763,0.0,0.6820000000000012,3.780791249536196e-11,2.0322711584728035e-10,0.0,5.258597484395469e-10,7.668947767821893e-10,1.3279304601367386e-12,0.0,0.0,7.68222707242326e-10
