N,K,largest_prime,order,addresses,mean_parts,residue1_weight,fixed_5_47_neutron_fraction,p_per_n,target_absolute_error,mapping_status
1000,2,3,small,332,21.32456073260905,0.180464266513783,0.0,,0.125,fixed prior calibrated candidate; missing labels not replaced
1000,2,3,large,332,20.894640460666036,0.5467062418053145,0.0,,0.125,fixed prior calibrated candidate; missing labels not replaced
1000,4,7,small,332,13.780153028340667,0.203485486697831,0.21062403084729328,3.747796326835186,0.08562403084729328,fixed prior calibrated candidate; missing labels not replaced
1000,4,7,large,332,12.175835216437607,0.28643413487654074,0.23628650604337437,3.232150268523727,0.11128650604337437,fixed prior calibrated candidate; missing labels not replaced
1000,8,19,small,332,8.896281426045338,0.16715440762076472,0.12940328414510474,6.727779141050722,0.004403284145104741,fixed prior calibrated candidate; missing labels not replaced
1000,8,19,large,332,5.5366756028036095,0.21554439238751538,0.08894441001444679,10.242977493892816,0.03605558998555321,fixed prior calibrated candidate; missing labels not replaced
1000,12,37,small,332,7.777915618207318,0.16456435258251442,0.12048706610629524,7.299646031033631,0.00451293389370476,fixed prior calibrated candidate; missing labels not replaced
1000,12,37,large,332,3.5774871397767436,0.19832137113843534,0.034439633879111364,28.036313321743208,0.09056036612088864,fixed prior calibrated candidate; missing labels not replaced
1000,15,47,small,332,7.493798322769864,0.16472948591784686,0.12516935753771896,6.989175782888049,0.00016935753771896156,fixed prior calibrated candidate; missing labels not replaced
1000,15,47,large,332,3.0302093397262126,0.15878704349365114,0.10752864728745723,8.299847298615147,0.01747135271254277,fixed prior calibrated candidate; missing labels not replaced
1000,16,53,small,332,7.435817213961357,0.16331599002918282,0.12484676786254618,7.009818893357176,0.00015323213745381536,fixed prior calibrated candidate; missing labels not replaced
1000,16,53,large,332,2.876475088805381,0.15448297414685944,0.072431004924512,12.806242244494682,0.052568995075488,fixed prior calibrated candidate; missing labels not replaced
1000,20,71,small,332,7.314805500070367,0.1638311921913747,0.1243089457686037,7.04447333872062,0.0006910542313963014,fixed prior calibrated candidate; missing labels not replaced
1000,20,71,large,332,2.5173356574700927,0.16730202119851126,0.040069536759878385,23.956614946477238,0.08493046324012161,fixed prior calibrated candidate; missing labels not replaced
10000,2,3,small,3771,39.03393987925798,0.18348769737823517,0.0,,0.125,fixed prior calibrated candidate; missing labels not replaced
10000,2,3,large,3771,38.60820398671852,0.5436286047758201,0.0,,0.125,fixed prior calibrated candidate; missing labels not replaced
10000,4,7,small,3771,24.191117203320374,0.20682101397301553,0.22775505061500378,3.3906819949753646,0.10275505061500378,fixed prior calibrated candidate; missing labels not replaced
10000,4,7,large,3771,22.593569140613322,0.2884110081520827,0.2427543774537659,3.119390185622734,0.11775437745376591,fixed prior calibrated candidate; missing labels not replaced
10000,8,19,small,3771,13.49146613996932,0.1709369027585593,0.1281522339681937,6.803219413624826,0.003152233968193696,fixed prior calibrated candidate; missing labels not replaced
10000,8,19,large,3771,10.12185150894779,0.21810947177978074,0.10531387652453732,8.49542484809215,0.019686123475462683,fixed prior calibrated candidate; missing labels not replaced
10000,12,37,small,3771,10.48598434495161,0.1682142379774245,0.11131686395549859,7.983364824217222,0.013683136044501415,fixed prior calibrated candidate; missing labels not replaced
10000,12,37,large,3771,6.241950737244955,0.20091525979549746,0.05518338782460896,17.121395576116683,0.06981661217539104,fixed prior calibrated candidate; missing labels not replaced
10000,15,47,small,3771,9.542383408367039,0.1685919933957395,0.1266874687063336,6.893440528976376,0.0016874687063336002,fixed prior calibrated candidate; missing labels not replaced
10000,15,47,large,3771,5.010545768769985,0.1616369159209962,0.11893666644781137,7.407836118719483,0.006063333552188632,fixed prior calibrated candidate; missing labels not replaced
10000,16,53,small,3771,9.322448006732191,0.16698946775473514,0.12475222260162311,7.01588924947129,0.0002477773983768916,fixed prior calibrated candidate; missing labels not replaced
10000,16,53,large,3771,4.685176843476329,0.1577706512882828,0.09378681557947005,9.66247951613894,0.03121318442052995,fixed prior calibrated candidate; missing labels not replaced
10000,20,71,small,3771,8.748735163643962,0.16737917302329675,0.12090590139482692,7.270894873314976,0.004094098605173083,fixed prior calibrated candidate; missing labels not replaced
10000,20,71,large,3771,3.8348054051207434,0.17039958279266537,0.061086544397147016,15.37021720362208,0.06391345560285298,fixed prior calibrated candidate; missing labels not replaced
100000,2,3,small,40408,63.27828273121311,0.1839223254527651,0.0,,0.125,fixed prior calibrated candidate; missing labels not replaced
100000,2,3,large,40408,62.85308538200816,0.5432497700467066,0.0,,0.125,fixed prior calibrated candidate; missing labels not replaced
100000,4,7,small,40408,38.45168210174599,0.20726984766290596,0.23602051162873927,3.236919889289122,0.11102051162873927,fixed prior calibrated candidate; missing labels not replaced
100000,4,7,large,40408,36.85498966322687,0.28867639653288135,0.24556998061736326,3.0721589727131904,0.12056998061736326,fixed prior calibrated candidate; missing labels not replaced
100000,8,19,small,40408,19.78810802691185,0.17144371535379158,0.12717248061982844,6.863336431955093,0.002172480619828443,fixed prior calibrated candidate; missing labels not replaced
100000,8,19,large,40408,16.417062662390762,0.2184634232191345,0.11286474111174655,7.8601629716220005,0.012135258888253453,fixed prior calibrated candidate; missing labels not replaced
100000,12,37,small,40408,14.179440378380912,0.1687279499436185,0.10406717749745713,8.609177687407108,0.020932822502542872,fixed prior calibrated candidate; missing labels not replaced
100000,12,37,large,40408,9.929587648083585,0.20127580697738126,0.06562705776441986,14.23761744111217,0.05937294223558014,fixed prior calibrated candidate; missing labels not replaced
100000,15,47,small,40408,12.317385884884962,0.16910973262185522,0.12815369681833524,6.803130341355301,0.0031536968183352443,fixed prior calibrated candidate; missing labels not replaced
100000,15,47,large,40408,7.776218379343492,0.16202182521904482,0.12415650548259637,7.054350403251121,0.000843494517403634,fixed prior calibrated candidate; missing labels not replaced
100000,16,53,small,40408,11.871615918471278,0.1675026249470882,0.12479523043477544,7.013126755855085,0.00020476956522455514,fixed prior calibrated candidate; missing labels not replaced
100000,16,53,large,40408,7.2238465896198845,0.15820085524587027,0.10485380185645696,8.53708861571832,0.020146198143543043,fixed prior calibrated candidate; missing labels not replaced
100000,20,71,small,40408,10.652234499567532,0.16788917249397825,0.11722663614904623,7.5304844773380974,0.007773363850953771,fixed prior calibrated candidate; missing labels not replaced
100000,20,71,large,40408,5.72308041136628,0.17079738905333444,0.07394745143645733,12.523116491165284,0.051052548563542674,fixed prior calibrated candidate; missing labels not replaced
1000000,2,3,small,421502,95.21946111208429,0.1839808199680724,0.0,,0.125,fixed prior calibrated candidate; missing labels not replaced
1000000,2,3,large,421502,94.7943336833187,0.5432013539055559,0.0,,0.125,fixed prior calibrated candidate; missing labels not replaced
1000000,4,7,small,421502,57.24050392001021,0.20732927580442786,0.24061054904474108,3.1560937538696687,0.11561054904474108,fixed prior calibrated candidate; missing labels not replaced
1000000,4,7,large,421502,55.6439237954364,0.2887114857497424,0.24706686710146616,3.0474872722991098,0.12206686710146616,fixed prior calibrated candidate; missing labels not replaced
1000000,8,19,small,421502,28.084440585751995,0.17151077989701324,0.1265328794267001,6.903084198595948,0.0015328794267001067,fixed prior calibrated candidate; missing labels not replaced
1000000,8,19,large,421502,24.71320685667895,0.21851009229894833,0.11693868963851085,7.551489700211887,0.008061310361489146,fixed prior calibrated candidate; missing labels not replaced
1000000,12,37,small,421502,19.043768011510846,0.1687956020469682,0.09877504051994952,9.124015082515008,0.026224959480050478,fixed prior calibrated candidate; missing labels not replaced
1000000,12,37,large,421502,14.793149574795047,0.2013230593718655,0.07144740797967974,12.99630900934025,0.053552592020320255,fixed prior calibrated candidate; missing labels not replaced
1000000,15,47,small,421502,15.969610885664872,0.16917790543440947,0.12933515810105534,6.731849673997037,0.004335158101055336,fixed prior calibrated candidate; missing labels not replaced
1000000,15,47,large,421502,11.427223219940432,0.16207345066717707,0.12709741740291308,6.867980486416083,0.002097417402913082,fixed prior calibrated candidate; missing labels not replaced
1000000,16,53,small,421502,15.22552231176205,0.16756980073667968,0.12483936387544436,7.010293940601358,0.00016063612455563536,fixed prior calibrated candidate; missing labels not replaced
1000000,16,53,large,421502,10.576378214328704,0.1582578544385466,0.11124850208031278,7.98888507530715,0.013751497919687217,fixed prior calibrated candidate; missing labels not replaced
1000000,20,71,small,421502,13.15239567554157,0.1679566212435529,0.11395798213936047,7.775164154601202,0.011042017860639533,fixed prior calibrated candidate; missing labels not replaced
1000000,20,71,large,421502,8.221235841254371,0.17085055491239556,0.08186595688503774,11.215089617828255,0.04313404311496226,fixed prior calibrated candidate; missing labels not replaced
