proper_frame,coordinate_time_over_T,proper_time_s
0,0.0,0.0
1,0.015960650731788262,1.4813019664158691e-21
2,0.0319490394592565,2.9626039328317383e-21
3,0.04796643754998844,4.443905899247608e-21
4,0.0640141443776376,5.9252078656634766e-21
5,0.08009348901763379,7.406509832079345e-21
6,0.09620583203619651,8.887811798495216e-21
7,0.11235256738036754,1.0369113764911084e-20
8,0.12853512437778192,1.1850415731326953e-20
9,0.14475496985482736,1.3331717697742822e-20
10,0.16101361038409243,1.481301966415869e-20
11,0.17731259467153965,1.629432163057456e-20
12,0.19365351609588047,1.777562359699043e-20
13,0.21003801541343003,1.92569255634063e-20
14,0.2264677836431691,2.073822752982217e-20
15,0.24294456514824875,2.2219529496238037e-20
16,0.2594701609318722,2.3700831462653906e-20
17,0.2760464321674076,2.5182133429069775e-20
18,0.29267530398474534,2.6663435395485644e-20
19,0.30935876953735136,2.8144737361901516e-20
20,0.3260988943772337,2.962603932831738e-20
21,0.3428978211681674,3.1107341294733253e-20
22,0.35975777477108567,3.258864326114912e-20
23,0.3766810677396013,3.406994522756499e-20
24,0.39367010626824644,3.555124719398086e-20
25,0.4107273966413255,3.703254916039673e-20
26,0.42785555223635036,3.85138511268126e-20
27,0.4450573011430212,3.9995153093228466e-20
28,0.46233549446678585,4.147645505964434e-20
29,0.47969311539533854,4.2957757026060203e-20
30,0.4971332891172475,4.4439058992476075e-20
31,0.5146592936944923,4.592036095889194e-20
32,0.532274572005404,4.740166292530781e-20
33,0.5499827448917184,4.8882964891723684e-20
34,0.567787625663701,5.036426685813955e-20
35,0.5856932361411795,5.184556882455542e-20
36,0.6037038244365956,5.332687079097129e-20
37,0.6218238847198092,5.480817275738715e-20
38,0.640058179244514,5.628947472380303e-20
39,0.658411762964247,5.77707766902189e-20
40,0.6768900111239425,5.925207865663476e-20
41,0.6954986502831441,6.073338062305064e-20
42,0.7142437933123623,6.221468258946651e-20
43,0.7331319790084914,6.369598455588237e-20
44,0.7521702171036713,6.517728652229824e-20
45,0.7713660396009995,6.665858848871412e-20
46,0.7907275595685626,6.813989045512998e-20
47,0.8102635387716823,6.962119242154585e-20
48,0.8299834658370765,7.110249438796172e-20
49,0.8498976470421516,7.258379635437759e-20
50,0.8700173123354408,7.406509832079346e-20
51,0.8903547398583015,7.554640028720932e-20
52,0.9109234031061946,7.70277022536252e-20
53,0.9317381460145986,7.850900422004107e-20
54,0.9528153927860546,7.999030618645693e-20
55,0.9741734013446519,8.14716081528728e-20
56,0.9958325721383929,8.295291011928867e-20
