field,source,T3L,T3R,target_index,source_index,color,origin,B_minus_L,Y,Q
Q_L,3_A_r,1/2,0,0,1,3,3_A,1/3,1/6,2/3
Q_L,3_A_g,1/2,0,1,2,3,3_A,1/3,1/6,2/3
Q_L,3_A_b,1/2,0,2,3,3,3_A,1/3,1/6,2/3
Q_L,3_B_r,-1/2,0,3,8,3,3_B,1/3,1/6,-1/3
Q_L,3_B_g,-1/2,0,4,9,3,3_B,1/3,1/6,-1/3
Q_L,3_B_b,-1/2,0,5,10,3,3_B,1/3,1/6,-1/3
L_L,1_A,1/2,0,6,7,1,1_A,-1,-1/2,0
L_L,1_B,-1/2,0,7,14,1,1_B,-1,-1/2,-1
u_c,anti3_A_r,0,-1/2,8,4,anti3,anti3_A,-1/3,-2/3,-2/3
u_c,anti3_A_g,0,-1/2,9,5,anti3,anti3_A,-1/3,-2/3,-2/3
u_c,anti3_A_b,0,-1/2,10,6,anti3,anti3_A,-1/3,-2/3,-2/3
d_c,anti3_B_r,0,1/2,11,11,anti3,anti3_B,-1/3,1/3,1/3
d_c,anti3_B_g,0,1/2,12,12,anti3,anti3_B,-1/3,1/3,1/3
d_c,anti3_B_b,0,1/2,13,13,anti3,anti3_B,-1/3,1/3,1/3
nu_c,1_N,0,-1/2,14,15,1,1_N,1,0,0
e_c,1_0,0,1/2,15,0,1,1_0,1,1,1
