capture_decay_rate_ratio,window_s,free_neutron_fraction,captured_neutron_fraction,beta_decayed_fraction,proton_fraction,electron_fraction,helium4_mass_proxy,hydrogen_mass_proxy,free_neutron_mass_proxy,beta_antineutrino_per_initial_baryon
0,30,0.12064724146581765,0.0,0.004192122409629515,0.8793527585341824,0.8793527585341824,0.0,0.8793527585341824,0.12064724146581765,0.004192122409629515
0,180,0.10170601622290891,0.0,0.02313334765253825,0.8982939837770911,0.8982939837770911,0.0,0.8982939837770911,0.10170601622290891,0.02313334765253825
0,600,0.06304759654604973,0.0,0.06179176732939744,0.9369524034539503,0.9369524034539503,0.0,0.9369524034539503,0.06304759654604973,0.06179176732939744
0.1,30,0.12023585095308524,0.000418501174760175,0.004185011747601749,0.8793456478721546,0.8793456478721546,0.00083700234952035,0.8789271466973945,0.12023585095308524,0.004185011747601749
0.1,180,0.09964285284149484,0.002290591912177485,0.022905919121774844,0.8980665552463277,0.8980665552463277,0.00458118382435497,0.8957759633341502,0.09964285284149484,0.022905919121774844
0.1,600,0.05888439729051958,0.005995906053175235,0.059959060531752345,0.9351196966563052,0.9351196966563052,0.01199181210635047,0.92912379060313,0.05888439729051958,0.059959060531752345
1,30,0.11659589108314952,0.004121736396148825,0.004121736396148825,0.8792823725207017,0.8792823725207017,0.00824347279229765,0.8751606361245529,0.11659589108314952,0.004121736396148825
1,180,0.08285939157984643,0.02098998614780037,0.02098998614780037,0.8961506222723532,0.8961506222723532,0.04197997229560074,0.8751606361245529,0.08285939157984643,0.02098998614780037
1,600,0.03184091384989223,0.046499225012777465,0.046499225012777465,0.9216598611373303,0.9216598611373303,0.09299845002555493,0.8751606361245529,0.03184091384989223,0.046499225012777465
10,30,0.08573850185265408,0.03554623820253917,0.003554623820253917,0.8787152599448068,0.8787152599448068,0.07109247640507833,0.8431690217422676,0.08573850185265408,0.003554623820253917
10,180,0.013100793722637371,0.10158051832073617,0.010158051832073618,0.8853186879566265,0.8853186879566265,0.20316103664147234,0.7837381696358903,0.013100793722637371,0.010158051832073618
10,600,6.805161224647414e-05,0.11342846569381881,0.011342846569381882,0.8865034826939348,0.8865034826939348,0.22685693138763763,0.7730750170001159,6.805161224647414e-05,0.011342846569381882
100,30,0.003963714251193061,0.11967886101411297,0.0011967886101411297,0.876357424734694,0.876357424734694,0.23935772202822594,0.7566785637205811,0.003963714251193061,0.0011967886101411297
100,180,1.2789580320564548e-10,0.12360333044312018,0.0012360333044312017,0.8763966694289841,0.8763966694289841,0.24720666088624035,0.7527933389858639,1.2789580320564548e-10,0.0012360333044312017
100,600,1.353216763869858e-31,0.12360333056974968,0.0012360333056974967,0.8763966694302504,0.8763966694302504,0.24720666113949935,0.7527933388605007,1.353216763869858e-31,0.0012360333056974967
