boundary,mode,length_m,energy_eV,kinetic_energy_eV
periodic,0,1.7763326302081875e-10,510998.95069,0.0
periodic,1,1.7763326302081875e-10,511046.6172521796,47.666562179569155
periodic,2,1.7763326302081875e-10,511189.590270322,190.63958032196388
periodic,3,1.7763326302081875e-10,511427.7898137849,428.8391237848555
periodic,4,1.7763326302081875e-10,511761.08291283296,762.1322228329373
dirichlet,1,1.7763326302081875e-10,511010.86774738436,11.917057384329382
dirichlet,2,1.7763326302081875e-10,511046.6172521796,47.666562179569155
dirichlet,3,1.7763326302081875e-10,511106.1942034787,107.24351347866468
dirichlet,4,1.7763326302081875e-10,511189.590270322,190.63958032196388
dirichlet,5,1.7763326302081875e-10,511296.793797519,297.84310751897283
