boundary_phase,mode,energy_eV,theta
0,-23,510998.95068999997,1.1500000000000001
0,-3,66652.03704652174,0.15000000000000002
0,-2,44434.691364347826,0.1
0,-1,22217.345682173913,0.05
0,0,0.0,0.0
0,1,22217.345682173913,0.05
0,2,44434.691364347826,0.1
0,3,66652.03704652174,0.15000000000000002
0,23,510998.95068999997,1.1500000000000001
0.5,-23,499890.27784891304,1.125
0.5,-3,55543.36420543478,0.125
0.5,-2,33326.01852326087,0.07500000000000001
0.5,-1,11108.672841086956,0.025
0.5,0,11108.672841086956,0.025
0.5,1,33326.01852326087,0.07500000000000001
0.5,2,55543.36420543478,0.125
0.5,3,77760.7098876087,0.17500000000000002
0.5,23,522107.62353108695,1.175
