case,a,Jc,Jb,phenotype_share,hidden_share,total_weight,H_over_H0,q
uniform_a0.5,0.5,2.0,2.0,0.12324614855785754,0.8767538514421425,0.4000125000000001,1.7888823326311878,0.17858816911971498
uniform_a1.0,1.0,2.0,2.0,0.04929999999999999,0.9507,1.0000000000000002,1.0,-0.5285500000000001
uniform_a2.0,2.0,2.0,2.0,0.008500146554250935,0.9914998534457491,5.799900000000001,0.8514619780119368,-0.9187141157606166
low_mode_a1.0,1.0,0.15224093497742647,0.15224093497742647,0.40520194328848963,0.5947980567115104,0.12166772844151964,0.3488090142778992,-0.14350430338763437
high_mode_a1.0,1.0,3.9999999999999996,3.9999999999999996,0.02527297893064028,0.9747270210693597,1.9507,1.3966746220934922,-0.5545445224791101
zero_mode_a1.0,1.0,0.0,0.0,1.0,0.0,0.0493,0.22203603311174516,0.5
coherent_packet_a1.0,1.0,0.6575535026247172,0.6575535026247172,0.13623750143717725,0.8637624985628227,0.3618680574726593,0.6015547003163214,-0.4344934447215643
uniform_noncommuting_a1.0,1.0,2.0,1.9999999999999991,0.049300000000000004,0.9507000000000001,1.0,0.9999999999999998,-0.5285499999999999
coherent_packet_noncommuting_a1.0,1.0,0.6575535026247172,0.8194458207269986,0.11811980901664927,0.8818801909833508,0.4173728387340265,0.6460439913303323,-0.5096979495182965
