field,source,T3L,T3R,target_index,source_index,color,origin,B_minus_L,Y,Q,generation,particle_label,status,arithmetic_phenotype_weight
Q_L,g1:3_A_r,1/2,0,0,1,3,3_A,1/3,1/6,2/3,1,u_L_r,SM_chiral_component,0.0010416666666666853
Q_L,g1:3_A_g,1/2,0,1,2,3,3_A,1/3,1/6,2/3,1,u_L_g,SM_chiral_component,0.0010416666666666853
Q_L,g1:3_A_b,1/2,0,2,3,3,3_A,1/3,1/6,2/3,1,u_L_b,SM_chiral_component,0.0010416666666666853
Q_L,g1:3_B_r,-1/2,0,3,8,3,3_B,1/3,1/6,-1/3,1,d_L_r,SM_chiral_component,0.0010416666666666853
Q_L,g1:3_B_g,-1/2,0,4,9,3,3_B,1/3,1/6,-1/3,1,d_L_g,SM_chiral_component,0.0010416666666666853
Q_L,g1:3_B_b,-1/2,0,5,10,3,3_B,1/3,1/6,-1/3,1,d_L_b,SM_chiral_component,0.0010416666666666853
L_L,g1:1_A,1/2,0,6,7,1,1_A,-1,-1/2,0,1,nu_e_L,SM_chiral_component,0.0010416666666666853
L_L,g1:1_B,-1/2,0,7,14,1,1_B,-1,-1/2,-1,1,e_L,SM_chiral_component,0.0010416666666666853
u_c,g1:anti3_A_r,0,-1/2,8,4,anti3,anti3_A,-1/3,-2/3,-2/3,1,u_c_r,SM_chiral_component,0.0010416666666666853
u_c,g1:anti3_A_g,0,-1/2,9,5,anti3,anti3_A,-1/3,-2/3,-2/3,1,u_c_g,SM_chiral_component,0.0010416666666666853
u_c,g1:anti3_A_b,0,-1/2,10,6,anti3,anti3_A,-1/3,-2/3,-2/3,1,u_c_b,SM_chiral_component,0.0010416666666666853
d_c,g1:anti3_B_r,0,1/2,11,11,anti3,anti3_B,-1/3,1/3,1/3,1,d_c_r,SM_chiral_component,0.0010416666666666853
d_c,g1:anti3_B_g,0,1/2,12,12,anti3,anti3_B,-1/3,1/3,1/3,1,d_c_g,SM_chiral_component,0.0010416666666666853
d_c,g1:anti3_B_b,0,1/2,13,13,anti3,anti3_B,-1/3,1/3,1/3,1,d_c_b,SM_chiral_component,0.0010416666666666853
nu_c,g1:1_N,0,-1/2,14,15,1,1_N,1,0,0,1,N1_c,conditional_neutral_extension,0.0010416666666666853
e_c,g1:1_0,0,1/2,15,0,1,1_0,1,1,1,1,e_c,SM_chiral_component,0.0010416666666666853
Q_L,g2:3_A_r,1/2,0,0,1,3,3_A,1/3,1/6,2/3,2,c_L_r,SM_chiral_component,0.0010416666666666853
Q_L,g2:3_A_g,1/2,0,1,2,3,3_A,1/3,1/6,2/3,2,c_L_g,SM_chiral_component,0.0010416666666666853
Q_L,g2:3_A_b,1/2,0,2,3,3,3_A,1/3,1/6,2/3,2,c_L_b,SM_chiral_component,0.0010416666666666853
Q_L,g2:3_B_r,-1/2,0,3,8,3,3_B,1/3,1/6,-1/3,2,s_L_r,SM_chiral_component,0.0010416666666666853
Q_L,g2:3_B_g,-1/2,0,4,9,3,3_B,1/3,1/6,-1/3,2,s_L_g,SM_chiral_component,0.0010416666666666853
Q_L,g2:3_B_b,-1/2,0,5,10,3,3_B,1/3,1/6,-1/3,2,s_L_b,SM_chiral_component,0.0010416666666666853
L_L,g2:1_A,1/2,0,6,7,1,1_A,-1,-1/2,0,2,nu_mu_L,SM_chiral_component,0.0010416666666666853
L_L,g2:1_B,-1/2,0,7,14,1,1_B,-1,-1/2,-1,2,mu_L,SM_chiral_component,0.0010416666666666853
u_c,g2:anti3_A_r,0,-1/2,8,4,anti3,anti3_A,-1/3,-2/3,-2/3,2,c_c_r,SM_chiral_component,0.0010416666666666853
u_c,g2:anti3_A_g,0,-1/2,9,5,anti3,anti3_A,-1/3,-2/3,-2/3,2,c_c_g,SM_chiral_component,0.0010416666666666853
u_c,g2:anti3_A_b,0,-1/2,10,6,anti3,anti3_A,-1/3,-2/3,-2/3,2,c_c_b,SM_chiral_component,0.0010416666666666853
d_c,g2:anti3_B_r,0,1/2,11,11,anti3,anti3_B,-1/3,1/3,1/3,2,s_c_r,SM_chiral_component,0.0010416666666666853
d_c,g2:anti3_B_g,0,1/2,12,12,anti3,anti3_B,-1/3,1/3,1/3,2,s_c_g,SM_chiral_component,0.0010416666666666853
d_c,g2:anti3_B_b,0,1/2,13,13,anti3,anti3_B,-1/3,1/3,1/3,2,s_c_b,SM_chiral_component,0.0010416666666666853
nu_c,g2:1_N,0,-1/2,14,15,1,1_N,1,0,0,2,N2_c,conditional_neutral_extension,0.0010416666666666853
e_c,g2:1_0,0,1/2,15,0,1,1_0,1,1,1,2,mu_c,SM_chiral_component,0.0010416666666666853
Q_L,g3:3_A_r,1/2,0,0,1,3,3_A,1/3,1/6,2/3,3,t_L_r,SM_chiral_component,0.0010416666666666853
Q_L,g3:3_A_g,1/2,0,1,2,3,3_A,1/3,1/6,2/3,3,t_L_g,SM_chiral_component,0.0010416666666666853
Q_L,g3:3_A_b,1/2,0,2,3,3,3_A,1/3,1/6,2/3,3,t_L_b,SM_chiral_component,0.0010416666666666853
Q_L,g3:3_B_r,-1/2,0,3,8,3,3_B,1/3,1/6,-1/3,3,b_L_r,SM_chiral_component,0.0010416666666666853
Q_L,g3:3_B_g,-1/2,0,4,9,3,3_B,1/3,1/6,-1/3,3,b_L_g,SM_chiral_component,0.0010416666666666853
Q_L,g3:3_B_b,-1/2,0,5,10,3,3_B,1/3,1/6,-1/3,3,b_L_b,SM_chiral_component,0.0010416666666666853
L_L,g3:1_A,1/2,0,6,7,1,1_A,-1,-1/2,0,3,nu_tau_L,SM_chiral_component,0.0010416666666666853
L_L,g3:1_B,-1/2,0,7,14,1,1_B,-1,-1/2,-1,3,tau_L,SM_chiral_component,0.0010416666666666853
u_c,g3:anti3_A_r,0,-1/2,8,4,anti3,anti3_A,-1/3,-2/3,-2/3,3,t_c_r,SM_chiral_component,0.0010416666666666853
u_c,g3:anti3_A_g,0,-1/2,9,5,anti3,anti3_A,-1/3,-2/3,-2/3,3,t_c_g,SM_chiral_component,0.0010416666666666853
u_c,g3:anti3_A_b,0,-1/2,10,6,anti3,anti3_A,-1/3,-2/3,-2/3,3,t_c_b,SM_chiral_component,0.0010416666666666853
d_c,g3:anti3_B_r,0,1/2,11,11,anti3,anti3_B,-1/3,1/3,1/3,3,b_c_r,SM_chiral_component,0.0010416666666666853
d_c,g3:anti3_B_g,0,1/2,12,12,anti3,anti3_B,-1/3,1/3,1/3,3,b_c_g,SM_chiral_component,0.0010416666666666853
d_c,g3:anti3_B_b,0,1/2,13,13,anti3,anti3_B,-1/3,1/3,1/3,3,b_c_b,SM_chiral_component,0.0010416666666666853
nu_c,g3:1_N,0,-1/2,14,15,1,1_N,1,0,0,3,N3_c,conditional_neutral_extension,0.0010416666666666853
e_c,g3:1_0,0,1/2,15,0,1,1_0,1,1,1,3,tau_c,SM_chiral_component,0.0010416666666666853
