case,N,Delta_L,Delta_R,selected_filter,phenotype_share,q,transport_rank
uniform_a0.5,128,0.046691930387696756,0.046691930387696756,F_DX,0.12324614855785757,0.17858816911971498,16
uniform_a1.0,128,0.046691930387696756,0.046691930387696756,F_DX,0.0493,-0.5285500000000001,16
uniform_a2.0,128,0.046691930387696756,0.046691930387696756,F_DX,0.008500146554250935,-0.9187141157606166,16
low_mode_a1.0,128,0.3022554061351049,0.3022554061351049,F_DX,0.4052019432884895,-0.14350430338763437,16
high_mode_a1.0,128,0.024286779219676286,0.024286779219676286,F_DX,0.02527297893064028,-0.5545445224791102,16
zero_mode_a1.0,128,0.0798178932824755,0.0798178932824755,F_DX,1.0,0.5,16
coherent_packet_a1.0,128,0.15030151210479709,0.15030151210479709,F_DX,0.13623750143717725,-0.4344934447215645,16
uniform_noncommuting_a1.0,128,0.046691930387696756,0.046691930387696756,F_DX,0.04930000000000001,-0.5285499999999999,16
coherent_packet_noncommuting_a1.0,128,0.15030151210479709,0.15030151210479709,F_DX,0.11811980901664927,-0.5096979495182967,16
