initial_Delta_pp,initial_p,initial_n,initial_Delta_minus,after_resonances_p,after_resonances_n,electrons,positrons,chain_neutrinos_antineutrinos,annihilation_photons_count,initial_rest_MeV,final_rest_MeV,nonrest_energy_budget_MeV,free_late_p,free_late_e,free_late_neutrino_count
0,7,1,0,7,1,7,0,0,0,7511.047040604831,7511.047040604831,0.0,8,8,1
1,5,2,0,6,2,6,0,3,2,7806.06828368483,7511.82937416414,294.23890952068996,8,8,5
1,6,0,1,7,1,7,0,6,2,8097.20952923483,7511.047040604831,586.1624886299996,8,8,7
2,3,3,0,5,3,5,0,6,4,8101.08952676483,7512.61170772345,588.4778190413799,8,8,9
2,4,1,1,6,2,6,0,9,4,8392.23077231483,7511.82937416414,880.4013981506896,8,8,11
3,1,4,0,4,4,4,0,9,6,8396.110769844829,7513.39404128276,882.716728562069,8,8,13
3,2,2,1,5,3,5,0,12,6,8687.25201539483,7512.61170772345,1174.6403076713796,8,8,15
3,3,0,2,6,2,6,0,15,6,8978.39326094483,7511.82937416414,1466.5638867806892,8,8,17
4,0,3,1,4,4,4,0,15,8,8982.273258474828,7513.39404128276,1468.8792171920686,8,8,19
4,1,1,2,5,3,5,0,18,8,9273.41450402483,7512.61170772345,1760.8027963013792,8,8,21
5,0,0,3,5,3,5,0,24,10,9859.57699265483,7512.61170772345,2346.965284931379,8,8,27
