K,largest_prime,rule,exact_addresses,residue1_addresses,other_residue_addresses,weighted_mean_parts,weighted_exact_fraction,active_denominations,charge_assignment,energy_map
2,3,small_first,0,421502,0,118.36577573238922,0.0,1,not assigned by arithmetic,not assigned
2,3,large_first,294067,127435,0,79.22951524623633,0.8808071240879317,2,not assigned by arithmetic,not assigned
2,3,small_first_avoid_1,421502,0,0,118.36577573238922,0.9999999999999998,2,not assigned by arithmetic,not assigned
2,3,large_first_avoid_1,421502,0,0,79.34870812214841,0.9999999999999998,2,not assigned by arithmetic,not assigned
3,5,small_first,0,421502,0,118.36577573238922,0.0,1,not assigned by arithmetic,not assigned
3,5,large_first,260713,160789,0,47.68568526267632,0.45679864609444404,3,not assigned by arithmetic,not assigned
3,5,small_first_avoid_1,421502,0,0,118.36577573238922,0.9999999999999998,2,not assigned by arithmetic,not assigned
3,5,large_first_avoid_1,421502,0,0,48.22888661658186,0.9999999999999998,3,not assigned by arithmetic,not assigned
4,7,small_first,0,421502,0,118.36577573238922,0.0,1,not assigned by arithmetic,not assigned
4,7,large_first,246440,175062,0,34.31279243052295,0.6520392430939626,4,not assigned by arithmetic,not assigned
4,7,small_first_avoid_1,421502,0,0,118.36577573238922,0.9999999999999998,2,not assigned by arithmetic,not assigned
4,7,large_first_avoid_1,421502,0,0,34.660753187428966,0.9999999999999998,4,not assigned by arithmetic,not assigned
8,19,small_first,0,421502,0,118.36577573238922,0.0,1,not assigned by arithmetic,not assigned
8,19,large_first,267792,153710,0,13.522447271316944,0.7682460932944402,8,not assigned by arithmetic,not assigned
8,19,small_first_avoid_1,421502,0,0,118.36577573238922,0.9999999999999998,2,not assigned by arithmetic,not assigned
8,19,large_first_avoid_1,421502,0,0,13.754201178022502,0.9999999999999998,8,not assigned by arithmetic,not assigned
15,47,small_first,0,421502,0,118.36577573238922,0.0,1,not assigned by arithmetic,not assigned
15,47,large_first,278624,142878,0,6.515517612304607,0.8318217499197025,15,not assigned by arithmetic,not assigned
15,47,small_first_avoid_1,421502,0,0,118.36577573238922,0.9999999999999998,2,not assigned by arithmetic,not assigned
15,47,large_first_avoid_1,421502,0,0,6.683695862384907,0.9999999999999998,15,not assigned by arithmetic,not assigned
2,3,small_first_one_each,260785,160717,0,95.21946111208423,0.8160191800319277,2,not assigned by arithmetic,not assigned
2,3,large_first_one_each,260713,160789,0,94.79433368331821,0.45679864609444404,2,not assigned by arithmetic,not assigned
3,5,small_first_one_each,260785,160717,0,72.07314649177924,0.8160191800319277,3,not assigned by arithmetic,not assigned
3,5,large_first_one_each,260713,160789,0,70.83199988298131,0.45679864609444404,3,not assigned by arithmetic,not assigned
4,7,small_first_one_each,249890,171612,0,57.24050392001034,0.7926707241955719,4,not assigned by arithmetic,not assigned
4,7,large_first_one_each,249912,171590,0,55.643923795436365,0.7112885142502576,4,not assigned by arithmetic,not assigned
8,19,small_first_one_each,254243,167259,0,28.084440585751985,0.8284892201029866,8,not assigned by arithmetic,not assigned
8,19,large_first_one_each,263267,158235,0,24.713206856678944,0.7814899077010515,8,not assigned by arithmetic,not assigned
15,47,small_first_one_each,253697,167805,0,15.969610885664887,0.8308220945655904,15,not assigned by arithmetic,not assigned
15,47,large_first_one_each,280316,141186,0,11.427223219940428,0.8379265493328231,15,not assigned by arithmetic,not assigned
