n,7,5,3,2,residue
9,1,0,0,1,0
15,2,0,0,0,1
21,3,0,0,0,0
25,3,0,1,0,1
27,3,1,0,0,1
33,4,1,0,0,0
35,5,0,0,0,0
39,5,0,1,0,1
45,6,0,1,0,0
49,7,0,0,0,0
51,7,0,0,1,0
55,7,1,0,0,1
57,8,0,0,0,1
63,9,0,0,0,0
65,9,0,0,1,0
69,9,1,0,0,1
75,10,1,0,0,0
77,11,0,0,0,0
81,11,0,1,0,1
85,12,0,0,0,1
87,12,0,1,0,0
91,13,0,0,0,0
93,13,0,0,1,0
95,13,0,1,0,1
99,14,0,0,0,1
105,15,0,0,0,0
111,15,1,0,0,1
115,16,0,1,0,0
117,16,1,0,0,0
119,17,0,0,0,0
121,17,0,0,1,0
123,17,0,1,0,1
125,17,1,0,0,1
129,18,0,1,0,0
133,19,0,0,0,0
135,19,0,0,1,0
141,20,0,0,0,1
143,20,0,1,0,0
145,20,1,0,0,0
147,21,0,0,0,0
153,21,1,0,0,1
18625,2660,1,0,0,0
36369,5195,0,1,0,1
53931,7704,0,1,0,0
71361,10194,0,1,0,0
88697,12671,0,0,0,0
106015,15145,0,0,0,0
123253,17607,0,1,0,1
140475,20067,1,0,0,1
157647,22521,0,0,0,0
174739,24962,1,0,0,0
191871,27410,0,0,0,1
208949,29849,1,0,0,1
226023,32289,0,0,0,0
243035,34719,0,0,1,0
260069,37152,1,0,0,0
277091,39584,0,1,0,0
294021,42003,0,0,0,0
311001,44428,1,0,0,0
328031,46861,0,1,0,1
344975,49282,0,0,0,1
361889,51698,0,1,0,0
378789,54112,1,0,0,0
395743,56534,1,0,0,0
412597,58942,0,1,0,0
429473,61353,0,0,1,0
446431,63775,1,0,0,1
463195,66170,1,0,0,0
480153,68593,0,0,1,0
497005,71000,1,0,0,0
513851,73407,0,0,1,0
530739,75819,1,0,0,1
547521,78217,0,0,1,0
564339,80619,1,0,0,1
581181,83025,1,0,0,1
598027,85432,0,1,0,0
614845,87835,0,0,0,0
631605,90229,0,0,1,0
648401,92628,1,0,0,0
665191,95027,0,0,1,0
681981,97425,1,0,0,1
698757,99822,0,1,0,0
715553,102221,1,0,0,1
732341,104620,0,0,0,1
749035,107005,0,0,0,0
765825,109403,0,1,0,1
782601,111800,0,0,0,1
799371,114195,1,0,0,1
816101,116585,1,0,0,1
832909,118987,0,0,0,0
849603,121371,1,0,0,1
866349,123764,0,0,0,1
883095,126156,0,1,0,0
899803,128543,0,0,1,0
916527,130932,0,1,0,0
933265,133323,0,1,0,1
949935,135705,0,0,0,0
966657,138093,1,0,0,1
983315,140473,0,1,0,1
999999,142857,0,0,0,0
