n,2,3,5,7,residue
9,3,1,0,0,0
15,6,1,0,0,0
21,9,1,0,0,0
25,11,1,0,0,0
27,12,1,0,0,0
33,15,1,0,0,0
35,16,1,0,0,0
39,18,1,0,0,0
45,21,1,0,0,0
49,23,1,0,0,0
51,24,1,0,0,0
55,26,1,0,0,0
57,27,1,0,0,0
63,30,1,0,0,0
65,31,1,0,0,0
69,33,1,0,0,0
75,36,1,0,0,0
77,37,1,0,0,0
81,39,1,0,0,0
85,41,1,0,0,0
87,42,1,0,0,0
91,44,1,0,0,0
93,45,1,0,0,0
95,46,1,0,0,0
99,48,1,0,0,0
105,51,1,0,0,0
111,54,1,0,0,0
115,56,1,0,0,0
117,57,1,0,0,0
119,58,1,0,0,0
121,59,1,0,0,0
123,60,1,0,0,0
125,61,1,0,0,0
129,63,1,0,0,0
133,65,1,0,0,0
135,66,1,0,0,0
141,69,1,0,0,0
143,70,1,0,0,0
145,71,1,0,0,0
147,72,1,0,0,0
153,75,1,0,0,0
18625,9311,1,0,0,0
36369,18183,1,0,0,0
53931,26964,1,0,0,0
71361,35679,1,0,0,0
88697,44347,1,0,0,0
106015,53006,1,0,0,0
123253,61625,1,0,0,0
140475,70236,1,0,0,0
157647,78822,1,0,0,0
174739,87368,1,0,0,0
191871,95934,1,0,0,0
208949,104473,1,0,0,0
226023,113010,1,0,0,0
243035,121516,1,0,0,0
260069,130033,1,0,0,0
277091,138544,1,0,0,0
294021,147009,1,0,0,0
311001,155499,1,0,0,0
328031,164014,1,0,0,0
344975,172486,1,0,0,0
361889,180943,1,0,0,0
378789,189393,1,0,0,0
395743,197870,1,0,0,0
412597,206297,1,0,0,0
429473,214735,1,0,0,0
446431,223214,1,0,0,0
463195,231596,1,0,0,0
480153,240075,1,0,0,0
497005,248501,1,0,0,0
513851,256924,1,0,0,0
530739,265368,1,0,0,0
547521,273759,1,0,0,0
564339,282168,1,0,0,0
581181,290589,1,0,0,0
598027,299012,1,0,0,0
614845,307421,1,0,0,0
631605,315801,1,0,0,0
648401,324199,1,0,0,0
665191,332594,1,0,0,0
681981,340989,1,0,0,0
698757,349377,1,0,0,0
715553,357775,1,0,0,0
732341,366169,1,0,0,0
749035,374516,1,0,0,0
765825,382911,1,0,0,0
782601,391299,1,0,0,0
799371,399684,1,0,0,0
816101,408049,1,0,0,0
832909,416453,1,0,0,0
849603,424800,1,0,0,0
866349,433173,1,0,0,0
883095,441546,1,0,0,0
899803,449900,1,0,0,0
916527,458262,1,0,0,0
933265,466631,1,0,0,0
949935,474966,1,0,0,0
966657,483327,1,0,0,0
983315,491656,1,0,0,0
999999,499998,1,0,0,0
