rule,prime_label,linear_load_whole_universe_percent,equal_part_load_whole_universe_percent,linear_pair_plus_and_minus_counts_equal
small_first,2,0.13848163789365447,1.03075318683544,True
small_first,3,0.1375873374804338,0.6827311246615403,True
small_first,5,0.15450371495480592,0.46000379253133616,True
small_first,7,0.17319303893160345,0.36831964466665396,True
small_first,11,0.2204380665528294,0.29832276690280685,True
small_first,13,0.2338905832458689,0.26783163648533864,True
small_first,17,0.2800484695845575,0.2452317925307516,True
small_first,19,0.2993182452687174,0.23451578500829998,True
small_first,23,0.34202728639481506,0.22137338664279443,True
small_first,29,0.41525775278278415,0.21316320520746979,True
small_first,31,0.42871531392713835,0.20587318979356076,True
small_first,37,0.49724534360468403,0.20006056509981138,True
small_first,41,0.5358540938187883,0.19456072978820435,True
small_first,43,0.5505156702250327,0.19058719587205528,True
small_first,47,0.5893652742713378,0.18667199797393655,True
large_first,2,0.055854724547905556,0.5809998661897469,True
large_first,3,0.04782352531225547,0.33163964829643405,True
large_first,5,0.06492428199971437,0.27013649756304386,True
large_first,7,0.14680138796507605,0.4362929901993227,True
large_first,11,0.14022052070490137,0.26519479995491985,True
large_first,13,0.20881404061451073,0.33416615263299676,True
large_first,17,0.22222245032846813,0.2719475335350419,True
large_first,19,0.2810446844703442,0.3077286193730769,True
large_first,23,0.3555440486628864,0.32159677957992566,True
large_first,29,0.3883747244480132,0.27861152272432466,True
large_first,31,0.46558608460613704,0.31245279323537223,True
large_first,37,0.5366251353976144,0.3017278517242666,True
large_first,41,0.5858528341449549,0.2972698008202269,True
large_first,43,0.6715083340794299,0.3248845547197716,True
large_first,47,0.8253944734443208,0.365350589451529,True
